-- phpMyAdmin SQL Dump
-- version 5.1.1
-- https://www.phpmyadmin.net/
--
-- Хост: localhost
-- Время создания: Авг 25 2022 г., 13:59
-- Версия сервера: 10.3.29-MariaDB-0+deb10u1
-- Версия PHP: 7.3.29-1~deb10u1

SET SQL_MODE = "NO_AUTO_VALUE_ON_ZERO";
START TRANSACTION;
SET time_zone = "+00:00";


/*!40101 SET @OLD_CHARACTER_SET_CLIENT=@@CHARACTER_SET_CLIENT */;
/*!40101 SET @OLD_CHARACTER_SET_RESULTS=@@CHARACTER_SET_RESULTS */;
/*!40101 SET @OLD_COLLATION_CONNECTION=@@COLLATION_CONNECTION */;
/*!40101 SET NAMES utf8mb4 */;

--
-- База данных: `Bulletseeker`
--

-- --------------------------------------------------------

--
-- Структура таблицы `Comments`
--

CREATE TABLE `Comments` (
  `ID` int(11) NOT NULL,
  `Title` text NOT NULL,
  `Comment` text NOT NULL,
  `UserID` int(11) NOT NULL,
  `datetime` datetime(6) NOT NULL
) ENGINE=InnoDB DEFAULT CHARSET=utf8mb4;

-- --------------------------------------------------------

--
-- Структура таблицы `MainRadarBoardPairing`
--

CREATE TABLE `MainRadarBoardPairing` (
  `ID` int(11) NOT NULL,
  `mainBoardID` tinytext NOT NULL,
  `radarBoardID` tinytext NOT NULL
) ENGINE=InnoDB DEFAULT CHARSET=utf8mb4;

--
-- Дамп данных таблицы `MainRadarBoardPairing`
--

INSERT INTO `MainRadarBoardPairing` (`ID`, `mainBoardID`, `radarBoardID`) VALUES
(1, '0', '0');

-- --------------------------------------------------------

--
-- Структура таблицы `PROG_USER`
--

CREATE TABLE `PROG_USER` (
  `ID` int(11) NOT NULL,
  `USER_NAME` varchar(50) NOT NULL,
  `USER_DESC` varchar(200) CHARACTER SET utf8 NOT NULL,
  `USER_ROLE` int(11) NOT NULL,
  `USER_HASH` char(64) NOT NULL
) ENGINE=InnoDB DEFAULT CHARSET=utf8mb4;

--
-- Дамп данных таблицы `PROG_USER`
--

INSERT INTO `PROG_USER` (`ID`, `USER_NAME`, `USER_DESC`, `USER_ROLE`, `USER_HASH`) VALUES
(1, 'oleksii.klymov', 'Benthor', 10, 'A665A45920422F9D417E4867EFDC4FB8A04A1F3FFF1FA07E998E86F7F7A27AE3'),
(2, 'simon.novotny', 'Benthor', 1, '208BA55B7E024899DA991843723889F787F5E72BF01C20B57E559E8B423BC4AC');

-- --------------------------------------------------------

--
-- Структура таблицы `TestAction`
--

CREATE TABLE `TestAction` (
  `ID` int(11) NOT NULL,
  `ValueName` text NOT NULL DEFAULT '',
  `Measured` double DEFAULT NULL,
  `Maximum` double DEFAULT NULL,
  `Minimun` double DEFAULT NULL,
  `Passed` tinyint(1) DEFAULT NULL,
  `TestGroupID` int(11) NOT NULL DEFAULT 0
) ENGINE=InnoDB DEFAULT CHARSET=utf8mb4;

--
-- Дамп данных таблицы `TestAction`
--

INSERT INTO `TestAction` (`ID`, `ValueName`, `Measured`, `Maximum`, `Minimun`, `Passed`, `TestGroupID`) VALUES
(1, 'Set voltage', NULL, NULL, NULL, 1, 2),
(2, 'Delay 500', NULL, NULL, NULL, 1, 2),
(3, 'Erase firmware', NULL, NULL, NULL, 1, 2),
(4, 'Relay ALL OFF', NULL, NULL, NULL, 1, 2),
(5, 'Delay 2000', NULL, NULL, NULL, 1, 2),
(6, 'Relay 15 ON', NULL, NULL, NULL, 1, 2),
(7, 'Delay 500', NULL, NULL, NULL, 1, 2),
(8, 'Relay 14 ON', NULL, NULL, NULL, 1, 2),
(9, 'Delay 1000', NULL, NULL, NULL, 1, 2),
(10, 'Ion', 2, 35, 0, 1, 2),
(11, 'Relay 1 ON', NULL, NULL, NULL, 1, 2),
(12, 'Relay 7 ON', NULL, NULL, NULL, 1, 2),
(13, 'Delay 500', NULL, NULL, NULL, 1, 2),
(14, '3v3_A', 1.9259650707244873, 3.4649999141693115, 3.134999990463257, 0, 2),
(15, 'Vref', 0.09617415070533752, 1.8899999856948853, 1.7100000381469727, 0, 2),
(16, 'Relay 1 OFF', NULL, NULL, NULL, 1, 2),
(17, 'Relay 7 OFF', NULL, NULL, NULL, 1, 2),
(18, 'Delay 100', NULL, NULL, NULL, 1, 2),
(19, 'Relay 2 ON', NULL, NULL, NULL, 1, 2),
(20, 'Relay 8 ON', NULL, NULL, NULL, 1, 2),
(21, 'Delay 500', NULL, NULL, NULL, 1, 2),
(22, '3v3_MC', 3.2917933464050293, 3.4649999141693115, 3.134999990463257, 1, 2),
(23, 'IN_P', 1.8086702823638916, 1.8899999856948853, 1.7100000381469727, 1, 2),
(24, 'Relay 2 OFF', NULL, NULL, NULL, 1, 2),
(25, 'Relay 8 OFF', NULL, NULL, NULL, 1, 2),
(26, 'Delay 100', NULL, NULL, NULL, 1, 2),
(27, 'Relay 3 ON', NULL, NULL, NULL, 1, 2),
(28, 'Relay 9 ON', NULL, NULL, NULL, 1, 2),
(29, 'Delay 500', NULL, NULL, NULL, 1, 2),
(30, '25,5', 0, 25.5, 24.5, 0, 2),
(31, 'OUT', 1.8127456903457642, 1.8899999856948853, 1.7100000381469727, 1, 2),
(32, 'Relay 3 OFF', NULL, NULL, NULL, 1, 2),
(33, 'Relay 9 OFF', NULL, NULL, NULL, 1, 2),
(34, 'Delay 100', NULL, NULL, NULL, 1, 2),
(35, 'Relay 10 ON', NULL, NULL, NULL, 1, 2),
(36, 'Delay 500', NULL, NULL, NULL, 1, 2),
(37, 'IF_P', 1.061316728591919, 2.5, 0.5, 1, 2),
(38, 'Relay 10 OFF', NULL, NULL, NULL, 1, 2),
(39, 'Delay 100', NULL, NULL, NULL, 1, 2),
(40, 'Relay 12 ON', NULL, NULL, NULL, 1, 2),
(41, 'Delay 500', NULL, NULL, NULL, 1, 2),
(42, 'IF_N', 1.3667974472045898, 2.5, 0.5, 1, 2),
(43, 'Relay 12 OFF', NULL, NULL, NULL, 1, 2),
(44, 'Delay 100', NULL, NULL, NULL, 1, 2),
(45, 'Relay 13 ON', NULL, NULL, NULL, 1, 2),
(46, 'Delay 500', NULL, NULL, NULL, 1, 2),
(47, 'Relay ALL OFF', NULL, NULL, NULL, 1, 2),
(48, 'Set voltage', NULL, NULL, NULL, 1, 3),
(49, 'Delay 500', NULL, NULL, NULL, 1, 3),
(50, 'Erase firmware', NULL, NULL, NULL, 1, 3),
(51, 'Relay ALL OFF', NULL, NULL, NULL, 1, 3),
(52, 'Delay 2000', NULL, NULL, NULL, 1, 3),
(53, 'Relay 15 ON', NULL, NULL, NULL, 1, 3),
(54, 'Delay 500', NULL, NULL, NULL, 1, 3),
(55, 'Relay 14 ON', NULL, NULL, NULL, 1, 3),
(56, 'Delay 1000', NULL, NULL, NULL, 1, 3),
(57, 'Ion', 3, 35, 0, 1, 3),
(58, 'Relay 1 ON', NULL, NULL, NULL, 1, 3),
(59, 'Relay 7 ON', NULL, NULL, NULL, 1, 3),
(60, 'Delay 500', NULL, NULL, NULL, 1, 3),
(61, '3v3_A', 3.295391321182251, 3.4649999141693115, 3.134999990463257, 1, 3),
(62, 'Vref', 1.8297345638275146, 1.8899999856948853, 1.7100000381469727, 1, 3),
(63, 'Relay 1 OFF', NULL, NULL, NULL, 1, 3),
(64, 'Relay 7 OFF', NULL, NULL, NULL, 1, 3),
(65, 'Delay 100', NULL, NULL, NULL, 1, 3),
(66, 'Relay 2 ON', NULL, NULL, NULL, 1, 3),
(67, 'Relay 8 ON', NULL, NULL, NULL, 1, 3),
(68, 'Delay 500', NULL, NULL, NULL, 1, 3),
(69, '3v3_MC', 3.299482583999634, 3.4649999141693115, 3.134999990463257, 1, 3),
(70, 'IN_P', 1.8098316192626953, 1.8899999856948853, 1.7100000381469727, 1, 3),
(71, 'Relay 2 OFF', NULL, NULL, NULL, 1, 3),
(72, 'Relay 8 OFF', NULL, NULL, NULL, 1, 3),
(73, 'Delay 100', NULL, NULL, NULL, 1, 3),
(74, 'Relay 3 ON', NULL, NULL, NULL, 1, 3),
(75, 'Relay 9 ON', NULL, NULL, NULL, 1, 3),
(76, 'Delay 500', NULL, NULL, NULL, 1, 3),
(77, '25,5', 24.993896484375, 25.5, 24.5, 1, 3),
(78, 'OUT', 1.8021212816238403, 1.8899999856948853, 1.7100000381469727, 1, 3),
(79, 'Relay 3 OFF', NULL, NULL, NULL, 1, 3),
(80, 'Relay 9 OFF', NULL, NULL, NULL, 1, 3),
(81, 'Delay 100', NULL, NULL, NULL, 1, 3),
(82, 'Relay 10 ON', NULL, NULL, NULL, 1, 3),
(83, 'Delay 500', NULL, NULL, NULL, 1, 3),
(84, 'IF_P', 0.9069485068321228, 2.5, 0.5, 1, 3),
(85, 'Relay 10 OFF', NULL, NULL, NULL, 1, 3),
(86, 'Delay 100', NULL, NULL, NULL, 1, 3),
(87, 'Relay 12 ON', NULL, NULL, NULL, 1, 3),
(88, 'Delay 500', NULL, NULL, NULL, 1, 3),
(89, 'IF_N', 1.3998689651489258, 2.5, 0.5, 1, 3),
(90, 'Relay 12 OFF', NULL, NULL, NULL, 1, 3),
(91, 'Delay 100', NULL, NULL, NULL, 1, 3),
(92, 'Relay 13 ON', NULL, NULL, NULL, 1, 3),
(93, 'Delay 500', NULL, NULL, NULL, 1, 3),
(94, 'Relay ALL OFF', NULL, NULL, NULL, 1, 3),
(95, 'Set voltage', NULL, NULL, NULL, 1, 4),
(96, 'Delay 500', NULL, NULL, NULL, 1, 4),
(97, 'Erase firmware', NULL, NULL, NULL, 1, 4),
(98, 'Relay ALL OFF', NULL, NULL, NULL, 1, 4),
(99, 'Delay 2000', NULL, NULL, NULL, 1, 4),
(100, 'Relay 15 ON', NULL, NULL, NULL, 1, 4),
(101, 'Delay 500', NULL, NULL, NULL, 1, 4),
(102, 'Relay 14 ON', NULL, NULL, NULL, 1, 4),
(103, 'Delay 1000', NULL, NULL, NULL, 1, 4),
(104, 'Ion', 3, 35, 0, 1, 4),
(105, 'Relay 1 ON', NULL, NULL, NULL, 1, 4),
(106, 'Relay 7 ON', NULL, NULL, NULL, 1, 4),
(107, 'Delay 500', NULL, NULL, NULL, 1, 4),
(108, '3v3_A', 3.290018320083618, 3.4649999141693115, 3.134999990463257, 1, 4),
(109, 'Vref', 1.8367935419082642, 1.8899999856948853, 1.7100000381469727, 1, 4),
(110, 'Relay 1 OFF', NULL, NULL, NULL, 1, 4),
(111, 'Relay 7 OFF', NULL, NULL, NULL, 1, 4),
(112, 'Delay 100', NULL, NULL, NULL, 1, 4),
(113, 'Relay 2 ON', NULL, NULL, NULL, 1, 4),
(114, 'Relay 8 ON', NULL, NULL, NULL, 1, 4),
(115, 'Delay 500', NULL, NULL, NULL, 1, 4),
(116, '3v3_MC', 3.294975996017456, 3.4649999141693115, 3.134999990463257, 1, 4),
(117, 'IN_P', 1.8099337816238403, 1.8899999856948853, 1.7100000381469727, 1, 4),
(118, 'Relay 2 OFF', NULL, NULL, NULL, 1, 4),
(119, 'Relay 8 OFF', NULL, NULL, NULL, 1, 4),
(120, 'Delay 100', NULL, NULL, NULL, 1, 4),
(121, 'Relay 3 ON', NULL, NULL, NULL, 1, 4),
(122, 'Relay 9 ON', NULL, NULL, NULL, 1, 4),
(123, 'Delay 500', NULL, NULL, NULL, 1, 4),
(124, '25,5', 24.993896484375, 25.5, 24.5, 1, 4),
(125, 'OUT', 1.8129249811172485, 1.8899999856948853, 1.7100000381469727, 1, 4),
(126, 'Relay 3 OFF', NULL, NULL, NULL, 1, 4),
(127, 'Relay 9 OFF', NULL, NULL, NULL, 1, 4),
(128, 'Delay 100', NULL, NULL, NULL, 1, 4),
(129, 'Relay 10 ON', NULL, NULL, NULL, 1, 4),
(130, 'Delay 500', NULL, NULL, NULL, 1, 4),
(131, 'IF_P', 1.5186032056808472, 2.5, 0.5, 1, 4),
(132, 'Relay 10 OFF', NULL, NULL, NULL, 1, 4),
(133, 'Delay 100', NULL, NULL, NULL, 1, 4),
(134, 'Relay 12 ON', NULL, NULL, NULL, 1, 4),
(135, 'Delay 500', NULL, NULL, NULL, 1, 4),
(136, 'IF_N', 1.4551209211349487, 2.5, 0.5, 1, 4),
(137, 'Relay 12 OFF', NULL, NULL, NULL, 1, 4),
(138, 'Delay 100', NULL, NULL, NULL, 1, 4),
(139, 'Relay 13 ON', NULL, NULL, NULL, 1, 4),
(140, 'Delay 500', NULL, NULL, NULL, 1, 4),
(141, 'Relay ALL OFF', NULL, NULL, NULL, 1, 4),
(142, 'Flash firmware BulletSeeker_HighSpeed_v2.0.bin', NULL, NULL, NULL, 1, 5),
(143, 'Delay 2000', NULL, NULL, NULL, 1, 5),
(144, 'Relay ALL OFF', NULL, NULL, NULL, 1, 5),
(145, 'Bluetooth testMode', NULL, NULL, NULL, 1, 6),
(146, 'Delay 500', NULL, NULL, NULL, 1, 6),
(147, 'Relay 4 ON', NULL, NULL, NULL, 1, 6),
(148, 'Relay 8 ON', NULL, NULL, NULL, 1, 6),
(149, 'Delay 500', NULL, NULL, NULL, 1, 6),
(150, 'CP', 1.577520489692688, 3.200000047683716, 0.10000000149011612, 1, 6),
(151, 'IN_P', 1.8066716194152832, 3.200000047683716, 0.10000000149011612, 1, 6),
(152, 'Relay 4 OFF', NULL, NULL, NULL, 1, 6),
(153, 'Relay 8 OFF', NULL, NULL, NULL, 1, 6),
(154, 'Delay 100', NULL, NULL, NULL, 1, 6),
(155, 'Relay 5 ON', NULL, NULL, NULL, 1, 6),
(156, 'Relay 9 ON', NULL, NULL, NULL, 1, 6),
(157, 'Delay 500', NULL, NULL, NULL, 1, 6),
(158, '3v3_RF', 3.311953067779541, 3.4649999141693115, 3.134999990463257, 1, 6),
(159, 'OUT', 1.6664682626724243, 3.200000047683716, 0.10000000149011612, 1, 6),
(160, 'Relay 5 OFF', NULL, NULL, NULL, 1, 6),
(161, 'Relay 9 OFF', NULL, NULL, NULL, 1, 6),
(162, 'Delay 100', NULL, NULL, NULL, 1, 6),
(163, 'Relay 6 ON', NULL, NULL, NULL, 1, 6),
(164, 'Relay 10 ON', NULL, NULL, NULL, 1, 6),
(165, 'Delay 500', NULL, NULL, NULL, 1, 6),
(166, 'MUXOUT', 3.2834081649780273, 3.4649999141693115, 3.134999990463257, 1, 6),
(167, 'IF_P', 1.3628695011138916, 2.5, 0.5, 1, 6),
(168, 'Relay 6 OFF', NULL, NULL, NULL, 1, 6),
(169, 'Relay 10 OFF', NULL, NULL, NULL, 1, 6),
(170, 'Delay 100', NULL, NULL, NULL, 1, 6),
(171, 'Relay 12 ON', NULL, NULL, NULL, 1, 6),
(172, 'Delay 500', NULL, NULL, NULL, 1, 6),
(173, 'IF_N', 1.370266318321228, 2.5, 0.5, 1, 6),
(174, 'Relay 12 OFF', NULL, NULL, NULL, 1, 6),
(175, 'Delay 100', NULL, NULL, NULL, 1, 6),
(176, 'Relay 7 ON', NULL, NULL, NULL, 1, 6),
(177, 'Delay 500', NULL, NULL, NULL, 1, 6),
(178, 'VREF', 1.8499642610549927, 1.8899999856948853, 1.7100000381469727, 1, 6),
(179, 'Relay 7 OFF', NULL, NULL, NULL, 1, 6),
(180, 'Delay 100', NULL, NULL, NULL, 1, 6),
(181, 'Relay 13 ON', NULL, NULL, NULL, 1, 6),
(182, 'Delay 500', NULL, NULL, NULL, 1, 6),
(183, 'Relay ALL OFF', NULL, NULL, NULL, 1, 6),
(184, 'Bluetooth Check Charge In Progress', NULL, NULL, NULL, 1, 7),
(185, 'Relay ALL OFF', NULL, NULL, NULL, 1, 7),
(186, 'Set voltage', NULL, NULL, NULL, 1, 8),
(187, 'Delay 500', NULL, NULL, NULL, 1, 8),
(188, 'Erase firmware', NULL, NULL, NULL, 1, 8),
(189, 'Relay ALL OFF', NULL, NULL, NULL, 1, 8),
(190, 'Delay 2000', NULL, NULL, NULL, 1, 8),
(191, 'Relay 15 ON', NULL, NULL, NULL, 1, 8),
(192, 'Delay 500', NULL, NULL, NULL, 1, 8),
(193, 'Relay 14 ON', NULL, NULL, NULL, 1, 8),
(194, 'Delay 1000', NULL, NULL, NULL, 1, 8),
(195, 'Ion', 3, 35, 0, 1, 8),
(196, 'Relay 1 ON', NULL, NULL, NULL, 1, 8),
(197, 'Relay 7 ON', NULL, NULL, NULL, 1, 8),
(198, 'Delay 500', NULL, NULL, NULL, 1, 8),
(199, '3v3_A', 3.297090530395508, 3.4649999141693115, 3.134999990463257, 1, 8),
(200, 'Vref', 1.8353139162063599, 1.8899999856948853, 1.7100000381469727, 1, 8),
(201, 'Relay 1 OFF', NULL, NULL, NULL, 1, 8),
(202, 'Relay 7 OFF', NULL, NULL, NULL, 1, 8),
(203, 'Delay 100', NULL, NULL, NULL, 1, 8),
(204, 'Relay 2 ON', NULL, NULL, NULL, 1, 8),
(205, 'Relay 8 ON', NULL, NULL, NULL, 1, 8),
(206, 'Delay 500', NULL, NULL, NULL, 1, 8),
(207, '3v3_MC', 3.2986814975738525, 3.4649999141693115, 3.134999990463257, 1, 8),
(208, 'IN_P', 1.8756862878799438, 1.8899999856948853, 1.7100000381469727, 1, 8),
(209, 'Relay 2 OFF', NULL, NULL, NULL, 1, 8),
(210, 'Relay 8 OFF', NULL, NULL, NULL, 1, 8),
(211, 'Delay 100', NULL, NULL, NULL, 1, 8),
(212, 'Relay 3 ON', NULL, NULL, NULL, 1, 8),
(213, 'Relay 9 ON', NULL, NULL, NULL, 1, 8),
(214, 'Delay 500', NULL, NULL, NULL, 1, 8),
(215, '25,5', 24.993896484375, 25.5, 24.5, 1, 8),
(216, 'OUT', 1.8166929483413696, 1.8899999856948853, 1.7100000381469727, 1, 8),
(217, 'Relay 3 OFF', NULL, NULL, NULL, 1, 8),
(218, 'Relay 9 OFF', NULL, NULL, NULL, 1, 8),
(219, 'Delay 100', NULL, NULL, NULL, 1, 8),
(220, 'Relay 10 ON', NULL, NULL, NULL, 1, 8),
(221, 'Delay 500', NULL, NULL, NULL, 1, 8),
(222, 'IF_P', 1.275815486907959, 2.5, 0.5, 1, 8),
(223, 'Relay 10 OFF', NULL, NULL, NULL, 1, 8),
(224, 'Delay 100', NULL, NULL, NULL, 1, 8),
(225, 'Relay 12 ON', NULL, NULL, NULL, 1, 8),
(226, 'Delay 500', NULL, NULL, NULL, 1, 8),
(227, 'IF_N', 1.4466159343719482, 2.5, 0.5, 1, 8),
(228, 'Relay 12 OFF', NULL, NULL, NULL, 1, 8),
(229, 'Delay 100', NULL, NULL, NULL, 1, 8),
(230, 'Relay 13 ON', NULL, NULL, NULL, 1, 8),
(231, 'Delay 500', NULL, NULL, NULL, 1, 8),
(232, 'Relay ALL OFF', NULL, NULL, NULL, 1, 8),
(233, 'Flash firmware BulletSeeker_HighSpeed_v2.0.bin', NULL, NULL, NULL, 1, 9),
(234, 'Delay 2000', NULL, NULL, NULL, 1, 9),
(235, 'Relay ALL OFF', NULL, NULL, NULL, 1, 9),
(236, 'Bluetooth testMode', NULL, NULL, NULL, 1, 10),
(237, 'Delay 500', NULL, NULL, NULL, 1, 10),
(238, 'Relay 4 ON', NULL, NULL, NULL, 1, 10),
(239, 'Relay 8 ON', NULL, NULL, NULL, 1, 10),
(240, 'Delay 500', NULL, NULL, NULL, 1, 10),
(241, 'CP', 1.5798513889312744, 3.200000047683716, 0.10000000149011612, 1, 10),
(242, 'IN_P', 1.8157198429107666, 3.200000047683716, 0.10000000149011612, 1, 10),
(243, 'Relay 4 OFF', NULL, NULL, NULL, 1, 10),
(244, 'Relay 8 OFF', NULL, NULL, NULL, 1, 10),
(245, 'Delay 100', NULL, NULL, NULL, 1, 10),
(246, 'Relay 5 ON', NULL, NULL, NULL, 1, 10),
(247, 'Relay 9 ON', NULL, NULL, NULL, 1, 10),
(248, 'Delay 500', NULL, NULL, NULL, 1, 10),
(249, '3v3_RF', 3.3080718517303467, 3.4649999141693115, 3.134999990463257, 1, 10),
(250, 'OUT', 1.7337630987167358, 3.200000047683716, 0.10000000149011612, 1, 10),
(251, 'Relay 5 OFF', NULL, NULL, NULL, 1, 10),
(252, 'Relay 9 OFF', NULL, NULL, NULL, 1, 10),
(253, 'Delay 100', NULL, NULL, NULL, 1, 10),
(254, 'Relay 6 ON', NULL, NULL, NULL, 1, 10),
(255, 'Relay 10 ON', NULL, NULL, NULL, 1, 10),
(256, 'Delay 500', NULL, NULL, NULL, 1, 10),
(257, 'MUXOUT', 3.2930498123168945, 3.4649999141693115, 3.134999990463257, 1, 10),
(258, 'IF_P', 1.2554945945739746, 2.5, 0.5, 1, 10),
(259, 'Relay 6 OFF', NULL, NULL, NULL, 1, 10),
(260, 'Relay 10 OFF', NULL, NULL, NULL, 1, 10),
(261, 'Delay 100', NULL, NULL, NULL, 1, 10),
(262, 'Relay 12 ON', NULL, NULL, NULL, 1, 10),
(263, 'Delay 500', NULL, NULL, NULL, 1, 10),
(264, 'IF_N', 1.3786709308624268, 2.5, 0.5, 1, 10),
(265, 'Relay 12 OFF', NULL, NULL, NULL, 1, 10),
(266, 'Delay 100', NULL, NULL, NULL, 1, 10),
(267, 'Relay 7 ON', NULL, NULL, NULL, 1, 10),
(268, 'Delay 500', NULL, NULL, NULL, 1, 10),
(269, 'VREF', 1.8431910276412964, 1.8899999856948853, 1.7100000381469727, 1, 10),
(270, 'Relay 7 OFF', NULL, NULL, NULL, 1, 10),
(271, 'Delay 100', NULL, NULL, NULL, 1, 10),
(272, 'Relay 13 ON', NULL, NULL, NULL, 1, 10),
(273, 'Delay 500', NULL, NULL, NULL, 1, 10),
(274, 'Relay ALL OFF', NULL, NULL, NULL, 1, 10),
(275, 'Bluetooth Check Charge In Progress', NULL, NULL, NULL, 1, 11),
(276, 'Relay ALL OFF', NULL, NULL, NULL, 1, 11),
(277, 'Set voltage', NULL, NULL, NULL, 1, 12),
(278, 'Delay 500', NULL, NULL, NULL, 1, 12),
(279, 'Erase firmware', NULL, NULL, NULL, 1, 12),
(280, 'Relay ALL OFF', NULL, NULL, NULL, 1, 12),
(281, 'Delay 2000', NULL, NULL, NULL, 1, 12),
(282, 'Relay 15 ON', NULL, NULL, NULL, 1, 12),
(283, 'Delay 500', NULL, NULL, NULL, 1, 12),
(284, 'Relay 14 ON', NULL, NULL, NULL, 1, 12),
(285, 'Delay 1000', NULL, NULL, NULL, 1, 12),
(286, 'Ion', 3, 35, 0, 1, 12),
(287, 'Relay 1 ON', NULL, NULL, NULL, 1, 12),
(288, 'Relay 7 ON', NULL, NULL, NULL, 1, 12),
(289, 'Delay 500', NULL, NULL, NULL, 1, 12),
(290, '3v3_A', 3.2827987670898438, 3.4649999141693115, 3.134999990463257, 1, 12),
(291, 'Vref', 1.8356378078460693, 1.8899999856948853, 1.7100000381469727, 1, 12),
(292, 'Relay 1 OFF', NULL, NULL, NULL, 1, 12),
(293, 'Relay 7 OFF', NULL, NULL, NULL, 1, 12),
(294, 'Delay 100', NULL, NULL, NULL, 1, 12),
(295, 'Relay 2 ON', NULL, NULL, NULL, 1, 12),
(296, 'Relay 8 ON', NULL, NULL, NULL, 1, 12),
(297, 'Delay 500', NULL, NULL, NULL, 1, 12),
(298, '3v3_MC', 3.2944862842559814, 3.4649999141693115, 3.134999990463257, 1, 12),
(299, 'IN_P', 1.7753784656524658, 1.8899999856948853, 1.7100000381469727, 1, 12),
(300, 'Relay 2 OFF', NULL, NULL, NULL, 1, 12),
(301, 'Relay 8 OFF', NULL, NULL, NULL, 1, 12),
(302, 'Delay 100', NULL, NULL, NULL, 1, 12),
(303, 'Relay 3 ON', NULL, NULL, NULL, 1, 12),
(304, 'Relay 9 ON', NULL, NULL, NULL, 1, 12),
(305, 'Delay 500', NULL, NULL, NULL, 1, 12),
(306, '25,5', 24.993896484375, 25.5, 24.5, 1, 12),
(307, 'OUT', 1.8163090944290161, 1.8899999856948853, 1.7100000381469727, 1, 12),
(308, 'Relay 3 OFF', NULL, NULL, NULL, 1, 12),
(309, 'Relay 9 OFF', NULL, NULL, NULL, 1, 12),
(310, 'Delay 100', NULL, NULL, NULL, 1, 12),
(311, 'Relay 10 ON', NULL, NULL, NULL, 1, 12),
(312, 'Delay 500', NULL, NULL, NULL, 1, 12),
(313, 'IF_P', 1.290086269378662, 2.5, 0.5, 1, 12),
(314, 'Relay 10 OFF', NULL, NULL, NULL, 1, 12),
(315, 'Delay 100', NULL, NULL, NULL, 1, 12),
(316, 'Relay 12 ON', NULL, NULL, NULL, 1, 12),
(317, 'Delay 500', NULL, NULL, NULL, 1, 12),
(318, 'IF_N', 1.4433443546295166, 2.5, 0.5, 1, 12),
(319, 'Relay 12 OFF', NULL, NULL, NULL, 1, 12),
(320, 'Delay 100', NULL, NULL, NULL, 1, 12),
(321, 'Relay 13 ON', NULL, NULL, NULL, 1, 12),
(322, 'Delay 500', NULL, NULL, NULL, 1, 12),
(323, 'Relay ALL OFF', NULL, NULL, NULL, 1, 12),
(324, 'Flash firmware BulletSeeker_HighSpeed_v2.0.bin', NULL, NULL, NULL, 1, 13),
(325, 'Delay 2000', NULL, NULL, NULL, 1, 13),
(326, 'Relay ALL OFF', NULL, NULL, NULL, 1, 13),
(327, 'Bluetooth testMode', NULL, NULL, NULL, 1, 14),
(328, 'Delay 500', NULL, NULL, NULL, 1, 14),
(329, 'Relay 4 ON', NULL, NULL, NULL, 1, 14),
(330, 'Relay 8 ON', NULL, NULL, NULL, 1, 14),
(331, 'Delay 500', NULL, NULL, NULL, 1, 14),
(332, 'CP', 1.5722780227661133, 3.200000047683716, 0.10000000149011612, 1, 14),
(333, 'IN_P', 1.8407630920410156, 3.200000047683716, 0.10000000149011612, 1, 14),
(334, 'Relay 4 OFF', NULL, NULL, NULL, 1, 14),
(335, 'Relay 8 OFF', NULL, NULL, NULL, 1, 14),
(336, 'Delay 100', NULL, NULL, NULL, 1, 14),
(337, 'Relay 5 ON', NULL, NULL, NULL, 1, 14),
(338, 'Relay 9 ON', NULL, NULL, NULL, 1, 14),
(339, 'Delay 500', NULL, NULL, NULL, 1, 14),
(340, '3v3_RF', 3.297403573989868, 3.4649999141693115, 3.134999990463257, 1, 14),
(341, 'OUT', 1.7369978427886963, 3.200000047683716, 0.10000000149011612, 1, 14),
(342, 'Relay 5 OFF', NULL, NULL, NULL, 1, 14),
(343, 'Relay 9 OFF', NULL, NULL, NULL, 1, 14),
(344, 'Delay 100', NULL, NULL, NULL, 1, 14),
(345, 'Relay 6 ON', NULL, NULL, NULL, 1, 14),
(346, 'Relay 10 ON', NULL, NULL, NULL, 1, 14),
(347, 'Delay 500', NULL, NULL, NULL, 1, 14),
(348, 'MUXOUT', 3.283585786819458, 3.4649999141693115, 3.134999990463257, 1, 14),
(349, 'IF_P', 1.0354053974151611, 2.5, 0.5, 1, 14),
(350, 'Relay 6 OFF', NULL, NULL, NULL, 1, 14),
(351, 'Relay 10 OFF', NULL, NULL, NULL, 1, 14),
(352, 'Delay 100', NULL, NULL, NULL, 1, 14),
(353, 'Relay 12 ON', NULL, NULL, NULL, 1, 14),
(354, 'Delay 500', NULL, NULL, NULL, 1, 14),
(355, 'IF_N', 1.401825189590454, 2.5, 0.5, 1, 14),
(356, 'Relay 12 OFF', NULL, NULL, NULL, 1, 14),
(357, 'Delay 100', NULL, NULL, NULL, 1, 14),
(358, 'Relay 7 ON', NULL, NULL, NULL, 1, 14),
(359, 'Delay 500', NULL, NULL, NULL, 1, 14),
(360, 'VREF', 1.8464611768722534, 1.8899999856948853, 1.7100000381469727, 1, 14),
(361, 'Relay 7 OFF', NULL, NULL, NULL, 1, 14),
(362, 'Delay 100', NULL, NULL, NULL, 1, 14),
(363, 'Relay 13 ON', NULL, NULL, NULL, 1, 14),
(364, 'Delay 500', NULL, NULL, NULL, 1, 14),
(365, 'Relay ALL OFF', NULL, NULL, NULL, 1, 14),
(366, 'Bluetooth Check Charge In Progress', NULL, NULL, NULL, 1, 15),
(367, 'Relay ALL OFF', NULL, NULL, NULL, 1, 15),
(368, 'Set voltage', NULL, NULL, NULL, 1, 16),
(369, 'Delay 500', NULL, NULL, NULL, 1, 16),
(370, 'Erase firmware', NULL, NULL, NULL, 1, 16),
(371, 'Relay ALL OFF', NULL, NULL, NULL, 1, 16),
(372, 'Delay 2000', NULL, NULL, NULL, 1, 16),
(373, 'Relay 15 ON', NULL, NULL, NULL, 1, 16),
(374, 'Delay 500', NULL, NULL, NULL, 1, 16),
(375, 'Relay 14 ON', NULL, NULL, NULL, 1, 16),
(376, 'Delay 1000', NULL, NULL, NULL, 1, 16),
(377, 'Ion', 3, 35, 0, 1, 16),
(378, 'Relay 1 ON', NULL, NULL, NULL, 1, 16),
(379, 'Relay 7 ON', NULL, NULL, NULL, 1, 16),
(380, 'Delay 500', NULL, NULL, NULL, 1, 16),
(381, '3v3_A', 3.2878825664520264, 3.4649999141693115, 3.134999990463257, 1, 16),
(382, 'Vref', 1.8324079513549805, 1.8899999856948853, 1.7100000381469727, 1, 16),
(383, 'Relay 1 OFF', NULL, NULL, NULL, 1, 16),
(384, 'Relay 7 OFF', NULL, NULL, NULL, 1, 16),
(385, 'Delay 100', NULL, NULL, NULL, 1, 16),
(386, 'Relay 2 ON', NULL, NULL, NULL, 1, 16),
(387, 'Relay 8 ON', NULL, NULL, NULL, 1, 16),
(388, 'Delay 500', NULL, NULL, NULL, 1, 16),
(389, '3v3_MC', 3.2948787212371826, 3.4649999141693115, 3.134999990463257, 1, 16),
(390, 'IN_P', 1.8580446243286133, 1.8899999856948853, 1.7100000381469727, 1, 16),
(391, 'Relay 2 OFF', NULL, NULL, NULL, 1, 16),
(392, 'Relay 8 OFF', NULL, NULL, NULL, 1, 16),
(393, 'Delay 100', NULL, NULL, NULL, 1, 16),
(394, 'Relay 3 ON', NULL, NULL, NULL, 1, 16),
(395, 'Relay 9 ON', NULL, NULL, NULL, 1, 16),
(396, 'Delay 500', NULL, NULL, NULL, 1, 16),
(397, '25,5', 24.993896484375, 25.5, 24.5, 1, 16),
(398, 'OUT', 1.817857265472412, 1.8899999856948853, 1.7100000381469727, 1, 16),
(399, 'Relay 3 OFF', NULL, NULL, NULL, 1, 16),
(400, 'Relay 9 OFF', NULL, NULL, NULL, 1, 16),
(401, 'Delay 100', NULL, NULL, NULL, 1, 16),
(402, 'Relay 10 ON', NULL, NULL, NULL, 1, 16),
(403, 'Delay 500', NULL, NULL, NULL, 1, 16),
(404, 'IF_P', 1.235391616821289, 2.5, 0.5, 1, 16),
(405, 'Relay 10 OFF', NULL, NULL, NULL, 1, 16),
(406, 'Delay 100', NULL, NULL, NULL, 1, 16),
(407, 'Relay 12 ON', NULL, NULL, NULL, 1, 16),
(408, 'Delay 500', NULL, NULL, NULL, 1, 16),
(409, 'IF_N', 1.3645235300064087, 2.5, 0.5, 1, 16),
(410, 'Relay 12 OFF', NULL, NULL, NULL, 1, 16),
(411, 'Delay 100', NULL, NULL, NULL, 1, 16),
(412, 'Relay 13 ON', NULL, NULL, NULL, 1, 16),
(413, 'Delay 500', NULL, NULL, NULL, 1, 16),
(414, 'Relay ALL OFF', NULL, NULL, NULL, 1, 16),
(415, 'Flash firmware BulletSeeker_HighSpeed_v2.0.bin', NULL, NULL, NULL, 1, 17),
(416, 'Delay 2000', NULL, NULL, NULL, 1, 17),
(417, 'Relay ALL OFF', NULL, NULL, NULL, 1, 17),
(418, 'Bluetooth testMode', NULL, NULL, NULL, 1, 18),
(419, 'Delay 500', NULL, NULL, NULL, 1, 18),
(420, 'Relay 4 ON', NULL, NULL, NULL, 1, 18),
(421, 'Relay 8 ON', NULL, NULL, NULL, 1, 18),
(422, 'Delay 500', NULL, NULL, NULL, 1, 18),
(423, 'CP', 1.580056071281433, 3.200000047683716, 0.10000000149011612, 1, 18),
(424, 'IN_P', 1.8138669729232788, 3.200000047683716, 0.10000000149011612, 1, 18),
(425, 'Relay 4 OFF', NULL, NULL, NULL, 1, 18),
(426, 'Relay 8 OFF', NULL, NULL, NULL, 1, 18),
(427, 'Delay 100', NULL, NULL, NULL, 1, 18),
(428, 'Relay 5 ON', NULL, NULL, NULL, 1, 18),
(429, 'Relay 9 ON', NULL, NULL, NULL, 1, 18),
(430, 'Delay 500', NULL, NULL, NULL, 1, 18),
(431, '3v3_RF', 3.3044538497924805, 3.4649999141693115, 3.134999990463257, 1, 18),
(432, 'OUT', 1.7040228843688965, 3.200000047683716, 0.10000000149011612, 1, 18),
(433, 'Relay 5 OFF', NULL, NULL, NULL, 1, 18),
(434, 'Relay 9 OFF', NULL, NULL, NULL, 1, 18),
(435, 'Delay 100', NULL, NULL, NULL, 1, 18),
(436, 'Relay 6 ON', NULL, NULL, NULL, 1, 18),
(437, 'Relay 10 ON', NULL, NULL, NULL, 1, 18),
(438, 'Delay 500', NULL, NULL, NULL, 1, 18),
(439, 'MUXOUT', 3.2789993286132812, 3.4649999141693115, 3.134999990463257, 1, 18),
(440, 'IF_P', 1.254486083984375, 2.5, 0.5, 1, 18),
(441, 'Relay 6 OFF', NULL, NULL, NULL, 1, 18),
(442, 'Relay 10 OFF', NULL, NULL, NULL, 1, 18),
(443, 'Delay 100', NULL, NULL, NULL, 1, 18),
(444, 'Relay 12 ON', NULL, NULL, NULL, 1, 18),
(445, 'Delay 500', NULL, NULL, NULL, 1, 18),
(446, 'IF_N', 1.385818600654602, 2.5, 0.5, 1, 18),
(447, 'Relay 12 OFF', NULL, NULL, NULL, 1, 18),
(448, 'Delay 100', NULL, NULL, NULL, 1, 18),
(449, 'Relay 7 ON', NULL, NULL, NULL, 1, 18),
(450, 'Delay 500', NULL, NULL, NULL, 1, 18),
(451, 'VREF', 1.8375598192214966, 1.8899999856948853, 1.7100000381469727, 1, 18),
(452, 'Relay 7 OFF', NULL, NULL, NULL, 1, 18),
(453, 'Delay 100', NULL, NULL, NULL, 1, 18),
(454, 'Relay 13 ON', NULL, NULL, NULL, 1, 18),
(455, 'Delay 500', NULL, NULL, NULL, 1, 18),
(456, 'Relay ALL OFF', NULL, NULL, NULL, 1, 18),
(457, 'Bluetooth Check Charge In Progress', NULL, NULL, NULL, 1, 19),
(458, 'Relay ALL OFF', NULL, NULL, NULL, 1, 19),
(459, 'Set voltage', NULL, NULL, NULL, NULL, 20),
(460, 'Delay 500', NULL, NULL, NULL, NULL, 20),
(461, 'Erase firmware', NULL, NULL, NULL, NULL, 20),
(462, 'Relay ALL OFF', NULL, NULL, NULL, NULL, 20),
(463, 'Delay 2000', NULL, NULL, NULL, NULL, 20),
(464, 'Relay 15 ON', NULL, NULL, NULL, NULL, 20),
(465, 'Delay 500', NULL, NULL, NULL, NULL, 20),
(466, 'Relay 14 ON', NULL, NULL, NULL, NULL, 20),
(467, 'Delay 1000', NULL, NULL, NULL, NULL, 20),
(468, 'Ion', NULL, 35, 0, NULL, 20),
(469, 'Relay 1 ON', NULL, NULL, NULL, NULL, 20),
(470, 'Relay 7 ON', NULL, NULL, NULL, NULL, 20),
(471, 'Delay 500', NULL, NULL, NULL, NULL, 20),
(472, '3v3_A', NULL, 3.4649999141693115, 3.134999990463257, NULL, 20),
(473, 'Vref', NULL, 1.8899999856948853, 1.7100000381469727, NULL, 20),
(474, 'Relay 1 OFF', NULL, NULL, NULL, NULL, 20),
(475, 'Relay 7 OFF', NULL, NULL, NULL, NULL, 20),
(476, 'Delay 100', NULL, NULL, NULL, NULL, 20),
(477, 'Relay 2 ON', NULL, NULL, NULL, NULL, 20),
(478, 'Relay 8 ON', NULL, NULL, NULL, NULL, 20),
(479, 'Delay 500', NULL, NULL, NULL, NULL, 20),
(480, '3v3_MC', NULL, 3.4649999141693115, 3.134999990463257, NULL, 20),
(481, 'IN_P', NULL, 1.8899999856948853, 1.7100000381469727, NULL, 20),
(482, 'Relay 2 OFF', NULL, NULL, NULL, NULL, 20),
(483, 'Relay 8 OFF', NULL, NULL, NULL, NULL, 20),
(484, 'Delay 100', NULL, NULL, NULL, NULL, 20),
(485, 'Relay 3 ON', NULL, NULL, NULL, NULL, 20),
(486, 'Relay 9 ON', NULL, NULL, NULL, NULL, 20),
(487, 'Delay 500', NULL, NULL, NULL, NULL, 20),
(488, '25,5', NULL, 25.5, 24.5, NULL, 20),
(489, 'OUT', NULL, 1.8899999856948853, 1.7100000381469727, NULL, 20),
(490, 'Relay 3 OFF', NULL, NULL, NULL, NULL, 20),
(491, 'Relay 9 OFF', NULL, NULL, NULL, NULL, 20),
(492, 'Delay 100', NULL, NULL, NULL, NULL, 20),
(493, 'Relay 10 ON', NULL, NULL, NULL, NULL, 20),
(494, 'Delay 500', NULL, NULL, NULL, NULL, 20),
(495, 'IF_P', NULL, 2.5, 0.5, NULL, 20),
(496, 'Relay 10 OFF', NULL, NULL, NULL, NULL, 20),
(497, 'Delay 100', NULL, NULL, NULL, NULL, 20),
(498, 'Relay 12 ON', NULL, NULL, NULL, NULL, 20),
(499, 'Delay 500', NULL, NULL, NULL, NULL, 20),
(500, 'IF_N', NULL, 2.5, 0.5, NULL, 20),
(501, 'Relay 12 OFF', NULL, NULL, NULL, NULL, 20),
(502, 'Delay 100', NULL, NULL, NULL, NULL, 20),
(503, 'Relay 13 ON', NULL, NULL, NULL, NULL, 20),
(504, 'Delay 500', NULL, NULL, NULL, NULL, 20),
(505, 'Relay ALL OFF', NULL, NULL, NULL, NULL, 20),
(506, 'Set voltage', NULL, NULL, NULL, NULL, 21),
(507, 'Delay 500', NULL, NULL, NULL, NULL, 21),
(508, 'Erase firmware', NULL, NULL, NULL, NULL, 21),
(509, 'Relay ALL OFF', NULL, NULL, NULL, NULL, 21),
(510, 'Delay 2000', NULL, NULL, NULL, NULL, 21),
(511, 'Relay 15 ON', NULL, NULL, NULL, NULL, 21),
(512, 'Delay 500', NULL, NULL, NULL, NULL, 21),
(513, 'Relay 14 ON', NULL, NULL, NULL, NULL, 21),
(514, 'Delay 1000', NULL, NULL, NULL, NULL, 21),
(515, 'Ion', NULL, 35, 0, NULL, 21),
(516, 'Relay 1 ON', NULL, NULL, NULL, NULL, 21),
(517, 'Relay 7 ON', NULL, NULL, NULL, NULL, 21),
(518, 'Delay 500', NULL, NULL, NULL, NULL, 21),
(519, '3v3_A', NULL, 3.4649999141693115, 3.134999990463257, NULL, 21),
(520, 'Vref', NULL, 1.8899999856948853, 1.7100000381469727, NULL, 21),
(521, 'Relay 1 OFF', NULL, NULL, NULL, NULL, 21),
(522, 'Relay 7 OFF', NULL, NULL, NULL, NULL, 21),
(523, 'Delay 100', NULL, NULL, NULL, NULL, 21),
(524, 'Relay 2 ON', NULL, NULL, NULL, NULL, 21),
(525, 'Relay 8 ON', NULL, NULL, NULL, NULL, 21),
(526, 'Delay 500', NULL, NULL, NULL, NULL, 21),
(527, '3v3_MC', NULL, 3.4649999141693115, 3.134999990463257, NULL, 21),
(528, 'IN_P', NULL, 1.8899999856948853, 1.7100000381469727, NULL, 21),
(529, 'Relay 2 OFF', NULL, NULL, NULL, NULL, 21),
(530, 'Relay 8 OFF', NULL, NULL, NULL, NULL, 21),
(531, 'Delay 100', NULL, NULL, NULL, NULL, 21),
(532, 'Relay 3 ON', NULL, NULL, NULL, NULL, 21),
(533, 'Relay 9 ON', NULL, NULL, NULL, NULL, 21),
(534, 'Delay 500', NULL, NULL, NULL, NULL, 21),
(535, '25,5', NULL, 25.5, 24.5, NULL, 21),
(536, 'OUT', NULL, 1.8899999856948853, 1.7100000381469727, NULL, 21),
(537, 'Relay 3 OFF', NULL, NULL, NULL, NULL, 21),
(538, 'Relay 9 OFF', NULL, NULL, NULL, NULL, 21),
(539, 'Delay 100', NULL, NULL, NULL, NULL, 21),
(540, 'Relay 10 ON', NULL, NULL, NULL, NULL, 21),
(541, 'Delay 500', NULL, NULL, NULL, NULL, 21),
(542, 'IF_P', NULL, 2.5, 0.5, NULL, 21),
(543, 'Relay 10 OFF', NULL, NULL, NULL, NULL, 21),
(544, 'Delay 100', NULL, NULL, NULL, NULL, 21),
(545, 'Relay 12 ON', NULL, NULL, NULL, NULL, 21),
(546, 'Delay 500', NULL, NULL, NULL, NULL, 21),
(547, 'IF_N', NULL, 2.5, 0.5, NULL, 21),
(548, 'Relay 12 OFF', NULL, NULL, NULL, NULL, 21),
(549, 'Delay 100', NULL, NULL, NULL, NULL, 21),
(550, 'Relay 13 ON', NULL, NULL, NULL, NULL, 21),
(551, 'Delay 500', NULL, NULL, NULL, NULL, 21),
(552, 'Relay ALL OFF', NULL, NULL, NULL, NULL, 21),
(553, 'Flash firmware BulletSeeker_HighSpeed_v2.0.bin', NULL, NULL, NULL, NULL, 22),
(554, 'Delay 2000', NULL, NULL, NULL, NULL, 22),
(555, 'Relay ALL OFF', NULL, NULL, NULL, NULL, 22),
(556, 'Bluetooth testMode', NULL, NULL, NULL, NULL, 23),
(557, 'Delay 500', NULL, NULL, NULL, NULL, 23),
(558, 'Relay 4 ON', NULL, NULL, NULL, NULL, 23),
(559, 'Relay 8 ON', NULL, NULL, NULL, NULL, 23),
(560, 'Delay 500', NULL, NULL, NULL, NULL, 23),
(561, 'CP', NULL, 3.200000047683716, 0.10000000149011612, NULL, 23),
(562, 'IN_P', NULL, 3.200000047683716, 0.10000000149011612, NULL, 23),
(563, 'Relay 4 OFF', NULL, NULL, NULL, NULL, 23),
(564, 'Relay 8 OFF', NULL, NULL, NULL, NULL, 23),
(565, 'Delay 100', NULL, NULL, NULL, NULL, 23),
(566, 'Relay 5 ON', NULL, NULL, NULL, NULL, 23),
(567, 'Relay 9 ON', NULL, NULL, NULL, NULL, 23),
(568, 'Delay 500', NULL, NULL, NULL, NULL, 23),
(569, '3v3_RF', NULL, 3.4649999141693115, 3.134999990463257, NULL, 23),
(570, 'OUT', NULL, 3.200000047683716, 0.10000000149011612, NULL, 23),
(571, 'Relay 5 OFF', NULL, NULL, NULL, NULL, 23),
(572, 'Relay 9 OFF', NULL, NULL, NULL, NULL, 23),
(573, 'Delay 100', NULL, NULL, NULL, NULL, 23),
(574, 'Relay 6 ON', NULL, NULL, NULL, NULL, 23),
(575, 'Relay 10 ON', NULL, NULL, NULL, NULL, 23),
(576, 'Delay 500', NULL, NULL, NULL, NULL, 23),
(577, 'MUXOUT', NULL, 3.4649999141693115, 3.134999990463257, NULL, 23),
(578, 'IF_P', NULL, 2.5, 0.5, NULL, 23),
(579, 'Relay 6 OFF', NULL, NULL, NULL, NULL, 23),
(580, 'Relay 10 OFF', NULL, NULL, NULL, NULL, 23),
(581, 'Delay 100', NULL, NULL, NULL, NULL, 23),
(582, 'Relay 12 ON', NULL, NULL, NULL, NULL, 23),
(583, 'Delay 500', NULL, NULL, NULL, NULL, 23),
(584, 'IF_N', NULL, 2.5, 0.5, NULL, 23),
(585, 'Relay 12 OFF', NULL, NULL, NULL, NULL, 23),
(586, 'Delay 100', NULL, NULL, NULL, NULL, 23),
(587, 'Relay 7 ON', NULL, NULL, NULL, NULL, 23),
(588, 'Delay 500', NULL, NULL, NULL, NULL, 23),
(589, 'VREF', NULL, 1.8899999856948853, 1.7100000381469727, NULL, 23),
(590, 'Relay 7 OFF', NULL, NULL, NULL, NULL, 23),
(591, 'Delay 100', NULL, NULL, NULL, NULL, 23),
(592, 'Relay 13 ON', NULL, NULL, NULL, NULL, 23),
(593, 'Delay 500', NULL, NULL, NULL, NULL, 23),
(594, 'Relay ALL OFF', NULL, NULL, NULL, NULL, 23),
(595, 'Bluetooth Check Charge In Progress', NULL, NULL, NULL, NULL, 24),
(596, 'Relay ALL OFF', NULL, NULL, NULL, NULL, 24),
(597, 'Set voltage', NULL, NULL, NULL, 1, 25),
(598, 'Delay 500', NULL, NULL, NULL, 1, 25),
(599, 'Erase firmware', NULL, NULL, NULL, 1, 25),
(600, 'Relay ALL OFF', NULL, NULL, NULL, 1, 25),
(601, 'Delay 2000', NULL, NULL, NULL, 1, 25),
(602, 'Relay 15 ON', NULL, NULL, NULL, 1, 25),
(603, 'Delay 500', NULL, NULL, NULL, 1, 25),
(604, 'Relay 14 ON', NULL, NULL, NULL, 1, 25),
(605, 'Delay 1000', NULL, NULL, NULL, 1, 25),
(606, 'Ion', 3, 35, 0, 1, 25),
(607, 'Relay 1 ON', NULL, NULL, NULL, 1, 25),
(608, 'Relay 7 ON', NULL, NULL, NULL, 1, 25),
(609, 'Delay 500', NULL, NULL, NULL, 1, 25),
(610, '3v3_A', 3.291287660598755, 3.4649999141693115, 3.134999990463257, 1, 25),
(611, 'Vref', 1.8402067422866821, 1.8899999856948853, 1.7100000381469727, 1, 25),
(612, 'Relay 1 OFF', NULL, NULL, NULL, 1, 25),
(613, 'Relay 7 OFF', NULL, NULL, NULL, 1, 25),
(614, 'Delay 100', NULL, NULL, NULL, 1, 25),
(615, 'Relay 2 ON', NULL, NULL, NULL, 1, 25),
(616, 'Relay 8 ON', NULL, NULL, NULL, 1, 25),
(617, 'Delay 500', NULL, NULL, NULL, 1, 25),
(618, '3v3_MC', 3.2952771186828613, 3.4649999141693115, 3.134999990463257, 1, 25),
(619, 'IN_P', 1.7881462574005127, 1.8899999856948853, 1.7100000381469727, 1, 25),
(620, 'Relay 2 OFF', NULL, NULL, NULL, 1, 25),
(621, 'Relay 8 OFF', NULL, NULL, NULL, 1, 25),
(622, 'Delay 100', NULL, NULL, NULL, 1, 25),
(623, 'Relay 3 ON', NULL, NULL, NULL, 1, 25),
(624, 'Relay 9 ON', NULL, NULL, NULL, 1, 25),
(625, 'Delay 500', NULL, NULL, NULL, 1, 25),
(626, '25,5', 24.993896484375, 25.5, 24.5, 1, 25),
(627, 'OUT', 1.817868709564209, 1.8899999856948853, 1.7100000381469727, 1, 25),
(628, 'Relay 3 OFF', NULL, NULL, NULL, 1, 25),
(629, 'Relay 9 OFF', NULL, NULL, NULL, 1, 25),
(630, 'Delay 100', NULL, NULL, NULL, 1, 25),
(631, 'Relay 10 ON', NULL, NULL, NULL, 1, 25),
(632, 'Delay 500', NULL, NULL, NULL, 1, 25),
(633, 'IF_P', 1.2697463035583496, 2.5, 0.5, 1, 25),
(634, 'Relay 10 OFF', NULL, NULL, NULL, 1, 25),
(635, 'Delay 100', NULL, NULL, NULL, 1, 25),
(636, 'Relay 12 ON', NULL, NULL, NULL, 1, 25),
(637, 'Delay 500', NULL, NULL, NULL, 1, 25),
(638, 'IF_N', 1.4459490776062012, 2.5, 0.5, 1, 25),
(639, 'Relay 12 OFF', NULL, NULL, NULL, 1, 25),
(640, 'Delay 100', NULL, NULL, NULL, 1, 25),
(641, 'Relay 13 ON', NULL, NULL, NULL, 1, 25),
(642, 'Delay 500', NULL, NULL, NULL, 1, 25),
(643, 'Relay ALL OFF', NULL, NULL, NULL, 1, 25),
(644, 'Flash firmware BulletSeeker_HighSpeed_v2.0.bin', NULL, NULL, NULL, 1, 26),
(645, 'Delay 2000', NULL, NULL, NULL, 1, 26),
(646, 'Relay ALL OFF', NULL, NULL, NULL, 1, 26),
(647, 'Bluetooth testMode', NULL, NULL, NULL, 1, 27),
(648, 'Delay 500', NULL, NULL, NULL, 1, 27),
(649, 'Relay 4 ON', NULL, NULL, NULL, 1, 27),
(650, 'Relay 8 ON', NULL, NULL, NULL, 1, 27),
(651, 'Delay 500', NULL, NULL, NULL, 1, 27),
(652, 'CP', 1.5737910270690918, 3.200000047683716, 0.10000000149011612, 1, 27),
(653, 'IN_P', 1.767722487449646, 3.200000047683716, 0.10000000149011612, 1, 27),
(654, 'Relay 4 OFF', NULL, NULL, NULL, 1, 27),
(655, 'Relay 8 OFF', NULL, NULL, NULL, 1, 27),
(656, 'Delay 100', NULL, NULL, NULL, 1, 27),
(657, 'Relay 5 ON', NULL, NULL, NULL, 1, 27),
(658, 'Relay 9 ON', NULL, NULL, NULL, 1, 27),
(659, 'Delay 500', NULL, NULL, NULL, 1, 27),
(660, '3v3_RF', 3.3039515018463135, 3.4649999141693115, 3.134999990463257, 1, 27),
(661, 'OUT', 1.7198818922042847, 3.200000047683716, 0.10000000149011612, 1, 27),
(662, 'Relay 5 OFF', NULL, NULL, NULL, 1, 27),
(663, 'Relay 9 OFF', NULL, NULL, NULL, 1, 27),
(664, 'Delay 100', NULL, NULL, NULL, 1, 27),
(665, 'Relay 6 ON', NULL, NULL, NULL, 1, 27),
(666, 'Relay 10 ON', NULL, NULL, NULL, 1, 27),
(667, 'Delay 500', NULL, NULL, NULL, 1, 27),
(668, 'MUXOUT', 3.2799925804138184, 3.4649999141693115, 3.134999990463257, 1, 27),
(669, 'IF_P', 1.527525544166565, 2.5, 0.5, 1, 27),
(670, 'Relay 6 OFF', NULL, NULL, NULL, 1, 27),
(671, 'Relay 10 OFF', NULL, NULL, NULL, 1, 27),
(672, 'Delay 100', NULL, NULL, NULL, 1, 27),
(673, 'Relay 12 ON', NULL, NULL, NULL, 1, 27),
(674, 'Delay 500', NULL, NULL, NULL, 1, 27),
(675, 'IF_N', 1.3803550004959106, 2.5, 0.5, 1, 27),
(676, 'Relay 12 OFF', NULL, NULL, NULL, 1, 27),
(677, 'Delay 100', NULL, NULL, NULL, 1, 27),
(678, 'Relay 7 ON', NULL, NULL, NULL, 1, 27),
(679, 'Delay 500', NULL, NULL, NULL, 1, 27),
(680, 'VREF', 1.8483656644821167, 1.8899999856948853, 1.7100000381469727, 1, 27),
(681, 'Relay 7 OFF', NULL, NULL, NULL, 1, 27),
(682, 'Delay 100', NULL, NULL, NULL, 1, 27),
(683, 'Relay 13 ON', NULL, NULL, NULL, 1, 27),
(684, 'Delay 500', NULL, NULL, NULL, 1, 27),
(685, 'Relay ALL OFF', NULL, NULL, NULL, 1, 27),
(686, 'Bluetooth Check Charge In Progress', NULL, NULL, NULL, 1, 28),
(687, 'Relay ALL OFF', NULL, NULL, NULL, 1, 28),
(688, 'Set voltage', NULL, NULL, NULL, 1, 29),
(689, 'Delay 500', NULL, NULL, NULL, 1, 29),
(690, 'Erase firmware', NULL, NULL, NULL, 1, 29),
(691, 'Relay ALL OFF', NULL, NULL, NULL, 1, 29),
(692, 'Delay 2000', NULL, NULL, NULL, 1, 29),
(693, 'Relay 15 ON', NULL, NULL, NULL, 1, 29),
(694, 'Delay 500', NULL, NULL, NULL, 1, 29),
(695, 'Relay 14 ON', NULL, NULL, NULL, 1, 29),
(696, 'Delay 1000', NULL, NULL, NULL, 1, 29),
(697, 'Ion', 3, 35, 0, 1, 29),
(698, 'Relay 1 ON', NULL, NULL, NULL, 1, 29),
(699, 'Relay 7 ON', NULL, NULL, NULL, 1, 29),
(700, 'Delay 500', NULL, NULL, NULL, 1, 29),
(701, '3v3_A', 3.2944493293762207, 3.4649999141693115, 3.134999990463257, 1, 29),
(702, 'Vref', 1.8327710628509521, 1.8899999856948853, 1.7100000381469727, 1, 29),
(703, 'Relay 1 OFF', NULL, NULL, NULL, 1, 29),
(704, 'Relay 7 OFF', NULL, NULL, NULL, 1, 29),
(705, 'Delay 100', NULL, NULL, NULL, 1, 29),
(706, 'Relay 2 ON', NULL, NULL, NULL, 1, 29),
(707, 'Relay 8 ON', NULL, NULL, NULL, 1, 29),
(708, 'Delay 500', NULL, NULL, NULL, 1, 29),
(709, '3v3_MC', 3.2946650981903076, 3.4649999141693115, 3.134999990463257, 1, 29),
(710, 'IN_P', 1.807542085647583, 1.8899999856948853, 1.7100000381469727, 1, 29),
(711, 'Relay 2 OFF', NULL, NULL, NULL, 1, 29),
(712, 'Relay 8 OFF', NULL, NULL, NULL, 1, 29),
(713, 'Delay 100', NULL, NULL, NULL, 1, 29),
(714, 'Relay 3 ON', NULL, NULL, NULL, 1, 29),
(715, 'Relay 9 ON', NULL, NULL, NULL, 1, 29),
(716, 'Delay 500', NULL, NULL, NULL, 1, 29),
(717, '25,5', 24.993896484375, 25.5, 24.5, 1, 29),
(718, 'OUT', 1.8193734884262085, 1.8899999856948853, 1.7100000381469727, 1, 29),
(719, 'Relay 3 OFF', NULL, NULL, NULL, 1, 29),
(720, 'Relay 9 OFF', NULL, NULL, NULL, 1, 29),
(721, 'Delay 100', NULL, NULL, NULL, 1, 29),
(722, 'Relay 10 ON', NULL, NULL, NULL, 1, 29),
(723, 'Delay 500', NULL, NULL, NULL, 1, 29),
(724, 'IF_P', 1.2071788311004639, 2.5, 0.5, 1, 29),
(725, 'Relay 10 OFF', NULL, NULL, NULL, 1, 29),
(726, 'Delay 100', NULL, NULL, NULL, 1, 29),
(727, 'Relay 12 ON', NULL, NULL, NULL, 1, 29),
(728, 'Delay 500', NULL, NULL, NULL, 1, 29),
(729, 'IF_N', 1.446732521057129, 2.5, 0.5, 1, 29),
(730, 'Relay 12 OFF', NULL, NULL, NULL, 1, 29),
(731, 'Delay 100', NULL, NULL, NULL, 1, 29),
(732, 'Relay 13 ON', NULL, NULL, NULL, 1, 29),
(733, 'Delay 500', NULL, NULL, NULL, 1, 29),
(734, 'Relay ALL OFF', NULL, NULL, NULL, 1, 29),
(735, 'Flash firmware BulletSeeker_HighSpeed_v2.0.bin', NULL, NULL, NULL, 1, 30),
(736, 'Delay 2000', NULL, NULL, NULL, 1, 30),
(737, 'Relay ALL OFF', NULL, NULL, NULL, 1, 30),
(738, 'Bluetooth testMode', NULL, NULL, NULL, 1, 31),
(739, 'Delay 500', NULL, NULL, NULL, 1, 31),
(740, 'Relay 4 ON', NULL, NULL, NULL, 1, 31),
(741, 'Relay 8 ON', NULL, NULL, NULL, 1, 31),
(742, 'Delay 500', NULL, NULL, NULL, 1, 31),
(743, 'CP', 1.579387903213501, 3.200000047683716, 0.10000000149011612, 1, 31),
(744, 'IN_P', 1.855550765991211, 3.200000047683716, 0.10000000149011612, 1, 31),
(745, 'Relay 4 OFF', NULL, NULL, NULL, 1, 31),
(746, 'Relay 8 OFF', NULL, NULL, NULL, 1, 31),
(747, 'Delay 100', NULL, NULL, NULL, 1, 31),
(748, 'Relay 5 ON', NULL, NULL, NULL, 1, 31),
(749, 'Relay 9 ON', NULL, NULL, NULL, 1, 31),
(750, 'Delay 500', NULL, NULL, NULL, 1, 31),
(751, '3v3_RF', 3.305018663406372, 3.4649999141693115, 3.134999990463257, 1, 31),
(752, 'OUT', 1.743048906326294, 3.200000047683716, 0.10000000149011612, 1, 31),
(753, 'Relay 5 OFF', NULL, NULL, NULL, 1, 31),
(754, 'Relay 9 OFF', NULL, NULL, NULL, 1, 31),
(755, 'Delay 100', NULL, NULL, NULL, 1, 31),
(756, 'Relay 6 ON', NULL, NULL, NULL, 1, 31),
(757, 'Relay 10 ON', NULL, NULL, NULL, 1, 31),
(758, 'Delay 500', NULL, NULL, NULL, 1, 31),
(759, 'MUXOUT', 3.2815141677856445, 3.4649999141693115, 3.134999990463257, 1, 31),
(760, 'IF_P', 0.9430119395256042, 2.5, 0.5, 1, 31),
(761, 'Relay 6 OFF', NULL, NULL, NULL, 1, 31),
(762, 'Relay 10 OFF', NULL, NULL, NULL, 1, 31),
(763, 'Delay 100', NULL, NULL, NULL, 1, 31),
(764, 'Relay 12 ON', NULL, NULL, NULL, 1, 31),
(765, 'Delay 500', NULL, NULL, NULL, 1, 31),
(766, 'IF_N', 1.3528176546096802, 2.5, 0.5, 1, 31),
(767, 'Relay 12 OFF', NULL, NULL, NULL, 1, 31),
(768, 'Delay 100', NULL, NULL, NULL, 1, 31),
(769, 'Relay 7 ON', NULL, NULL, NULL, 1, 31),
(770, 'Delay 500', NULL, NULL, NULL, 1, 31),
(771, 'VREF', 1.847299575805664, 1.8899999856948853, 1.7100000381469727, 1, 31),
(772, 'Relay 7 OFF', NULL, NULL, NULL, 1, 31),
(773, 'Delay 100', NULL, NULL, NULL, 1, 31),
(774, 'Relay 13 ON', NULL, NULL, NULL, 1, 31),
(775, 'Delay 500', NULL, NULL, NULL, 1, 31),
(776, 'Relay ALL OFF', NULL, NULL, NULL, 1, 31),
(777, 'Bluetooth Check Charge In Progress', NULL, NULL, NULL, 1, 32),
(778, 'Relay ALL OFF', NULL, NULL, NULL, 1, 32),
(779, 'Erase firmware', NULL, NULL, NULL, 1, 33),
(780, 'Test Current Ion', 3, 35, 0, 1, 33),
(781, 'Test Voltage 3v3_A', 3.298238515853882, 3.4649999141693115, 3.134999990463257, 1, 33),
(782, 'Test Voltage Vref', 1.8346397876739502, 1.8899999856948853, 1.7100000381469727, 1, 33),
(783, 'Test Voltage 3v3_MC', 3.3024189472198486, 3.4649999141693115, 3.134999990463257, 1, 33),
(784, 'Test Voltage IN_P', 1.81920325756073, 1.8899999856948853, 1.7100000381469727, 1, 33),
(785, 'Test Frequency25,5', 24.993896484375, 25.5, 24.5, 1, 33),
(786, 'Test Voltage OUT', 1.8126367330551147, 1.8899999856948853, 1.7100000381469727, 1, 33),
(787, 'Test Voltage IF_P', 1.2645721435546875, 2.5, 0.5, 1, 33),
(788, 'Test Voltage IF_N', 1.4127763509750366, 2.5, 0.5, 1, 33),
(789, 'Flash firmware BulletSeeker_HighSpeed_v2.0.bin', NULL, NULL, NULL, 1, 34),
(790, 'Bluetooth testMode', NULL, NULL, NULL, 1, 35),
(791, 'Test Voltage CP', 1.586105465888977, 3.200000047683716, 0.10000000149011612, 1, 35),
(792, 'Test Voltage IN_P', 1.7629609107971191, 3.200000047683716, 0.10000000149011612, 1, 35),
(793, 'Test Voltage 3v3_RF', 3.3137991428375244, 3.4649999141693115, 3.134999990463257, 1, 35),
(794, 'Test Voltage OUT', 1.9935916662216187, 3.200000047683716, 0.10000000149011612, 1, 35),
(795, 'Test Voltage MUXOUT', 3.294309377670288, 3.4649999141693115, 3.134999990463257, 1, 35),
(796, 'Test Voltage IF_P', 1.2909233570098877, 2.5, 0.5, 1, 35),
(797, 'Test Voltage IF_N', 1.3990529775619507, 2.5, 0.5, 1, 35),
(798, 'Test Voltage VREF', 1.8509435653686523, 1.8899999856948853, 1.7100000381469727, 1, 35),
(799, 'Bluetooth Check Charge In Progress', NULL, NULL, NULL, 1, 36),
(800, 'Erase firmware', NULL, NULL, NULL, 1, 37),
(801, 'Test Current Ion', 3, 35, 0, 1, 37),
(802, 'Test Voltage 3v3_A', 3.2929906845092773, 3.4649999141693115, 3.134999990463257, 1, 37),
(803, 'Test Voltage Vref', 1.8316768407821655, 1.8899999856948853, 1.7100000381469727, 1, 37),
(804, 'Test Voltage 3v3_MC', 3.29258394241333, 3.4649999141693115, 3.134999990463257, 1, 37),
(805, 'Test Voltage IN_P', 1.75555419921875, 1.8899999856948853, 1.7100000381469727, 1, 37),
(806, 'Test Frequency25,5', 24.993896484375, 25.5, 24.5, 1, 37),
(807, 'Test Voltage OUT', 1.7636364698410034, 1.8899999856948853, 1.7100000381469727, 1, 37),
(808, 'Test Voltage IF_P', 1.6267002820968628, 2.5, 0.5, 1, 37),
(809, 'Test Voltage IF_N', 1.3669068813323975, 2.5, 0.5, 1, 37),
(810, 'Flash firmware BulletSeeker_HighSpeed_v2.0.bin', NULL, NULL, NULL, 1, 38),
(811, 'Bluetooth testMode', NULL, NULL, NULL, 1, 39),
(812, 'Test Voltage CP', 1.582166314125061, 3.200000047683716, 0.10000000149011612, 1, 39),
(813, 'Test Voltage IN_P', 1.8418670892715454, 3.200000047683716, 0.10000000149011612, 1, 39),
(814, 'Test Voltage 3v3_RF', 3.310586929321289, 3.4649999141693115, 3.134999990463257, 1, 39),
(815, 'Test Voltage OUT', 2.0524425506591797, 3.200000047683716, 0.10000000149011612, 1, 39),
(816, 'Test Voltage MUXOUT', 3.288973093032837, 3.4649999141693115, 3.134999990463257, 1, 39),
(817, 'Test Voltage IF_P', 1.6295405626296997, 2.5, 0.5, 1, 39),
(818, 'Test Voltage IF_N', 1.3841700553894043, 2.5, 0.5, 1, 39),
(819, 'Test Voltage VREF', 1.845327377319336, 1.8899999856948853, 1.7100000381469727, 1, 39),
(820, 'Bluetooth Check Charge In Progress', NULL, NULL, NULL, 1, 40),
(821, 'Erase firmware', NULL, NULL, NULL, 0, 42),
(822, 'Test Current Ion', 0, 35, 0, 1, 42),
(823, 'Test Voltage 3v3_A', -0.017033085227012634, 3.4649999141693115, 3.134999990463257, 0, 42),
(824, 'Test Voltage Vref', 0.03262437880039215, 1.8899999856948853, 1.7100000381469727, 0, 42),
(825, 'Test Voltage 3v3_MC', 0.004992809612303972, 3.4649999141693115, 3.134999990463257, 0, 42),
(826, 'Test Voltage IN_P', 2.8765385150909424, 1.8899999856948853, 1.7100000381469727, 0, 42),
(827, 'Test Frequency25,5', 0, 25.5, 24.5, 0, 42),
(828, 'Test Voltage OUT', -2.6084794998168945, 1.8899999856948853, 1.7100000381469727, 0, 42),
(829, 'Test Voltage IF_P', 0.40995341539382935, 2.5, 0.5, 0, 42),
(830, 'Test Voltage IF_N', -0.3602876365184784, 2.5, 0.5, 0, 42),
(831, 'Erase firmware', NULL, NULL, NULL, 1, 43),
(832, 'Test Current Ion', 0, 35, 0, 1, 43),
(833, 'Test Voltage 3v3_A', -0.18873001635074615, 3.4649999141693115, 3.134999990463257, 0, 43),
(834, 'Test Voltage Vref', 0.031493689864873886, 1.8899999856948853, 1.7100000381469727, 0, 43),
(835, 'Test Voltage 3v3_MC', 0.006529689766466618, 3.4649999141693115, 3.134999990463257, 0, 43),
(836, 'Test Voltage IN_P', -0.19561174511909485, 1.8899999856948853, 1.7100000381469727, 0, 43),
(837, 'Test Frequency25,5', 0, 25.5, 24.5, 0, 43),
(838, 'Test Voltage OUT', 0.22910426557064056, 1.8899999856948853, 1.7100000381469727, 0, 43),
(839, 'Test Voltage IF_P', 0.021307189017534256, 2.5, 0.5, 0, 43),
(840, 'Test Voltage IF_N', -0.30273425579071045, 2.5, 0.5, 0, 43),
(841, 'Flash firmware BulletSeeker_HighSpeed_v2.0.bin', NULL, NULL, NULL, 0, 44),
(842, 'Bluetooth testMode', NULL, NULL, NULL, 0, 45),
(843, 'Test Voltage CP', -0.18461152911186218, 3.200000047683716, 0.10000000149011612, 0, 45),
(844, 'Test Voltage IN_P', -3.8334462642669678, 3.200000047683716, 0.10000000149011612, 0, 45),
(845, 'Test Voltage 3v3_RF', 0.002355705015361309, 3.4649999141693115, 3.134999990463257, 0, 45),
(846, 'Test Voltage OUT', -0.5135250091552734, 3.200000047683716, 0.10000000149011612, 0, 45),
(847, 'Test Voltage MUXOUT', 0.03272058069705963, 3.4649999141693115, 3.134999990463257, 0, 45),
(848, 'Test Voltage IF_P', 0.010693980380892754, 2.5, 0.5, 0, 45),
(849, 'Test Voltage IF_N', 0.5512662529945374, 2.5, 0.5, 1, 45),
(850, 'Test Voltage VREF', 0.029326079413294792, 1.8899999856948853, 1.7100000381469727, 0, 45),
(851, 'Erase firmware', NULL, NULL, NULL, 1, 46),
(852, 'Test Current Ion', 2, 35, 0, 1, 46),
(853, 'Test Voltage 3v3_A', 0.04480826109647751, 3.4649999141693115, 3.134999990463257, 0, 46),
(854, 'Test Voltage Vref', 1.8440417051315308, 1.8899999856948853, 1.7100000381469727, 1, 46),
(855, 'Test Voltage 3v3_MC', 3.3121514320373535, 3.4649999141693115, 3.134999990463257, 1, 46),
(856, 'Test Voltage IN_P', 2.9663798809051514, 1.8899999856948853, 1.7100000381469727, 0, 46),
(857, 'Test Frequency25,5', 0, 25.5, 24.5, 0, 46),
(858, 'Test Voltage OUT', 1.8281197547912598, 1.8899999856948853, 1.7100000381469727, 1, 46),
(859, 'Test Voltage IF_P', 1.2991390228271484, 2.5, 0.5, 1, 46),
(860, 'Test Voltage IF_N', 1.361055612564087, 2.5, 0.5, 1, 46),
(861, 'Flash firmware BulletSeeker_HighSpeed_v2.0.bin', NULL, NULL, NULL, 1, 47),
(862, 'Bluetooth testMode', NULL, NULL, NULL, 0, 48),
(863, 'Test Voltage CP', -0.17360904812812805, 3.200000047683716, 0.10000000149011612, 0, 48),
(864, 'Test Voltage IN_P', -0.18440644443035126, 3.200000047683716, 0.10000000149011612, 0, 48),
(865, 'Test Voltage 3v3_RF', 0.004737235140055418, 3.4649999141693115, 3.134999990463257, 0, 48),
(866, 'Test Voltage OUT', 1.6102162599563599, 3.200000047683716, 0.10000000149011612, 1, 48),
(867, 'Test Voltage MUXOUT', 0.004983204882591963, 3.4649999141693115, 3.134999990463257, 0, 48),
(868, 'Test Voltage IF_P', 1.55583655834198, 2.5, 0.5, 1, 48),
(869, 'Test Voltage IF_N', 1.3449097871780396, 2.5, 0.5, 1, 48),
(870, 'Test Voltage VREF', 1.8452589511871338, 1.8899999856948853, 1.7100000381469727, 1, 48),
(871, 'Bluetooth Check Charge In Progress', NULL, NULL, NULL, 0, 49),
(872, 'Erase firmware', NULL, NULL, NULL, 1, 50),
(873, 'Test Current Ion', 2, 35, 0, 1, 50),
(874, 'Test Voltage 3v3_A', -1.7180100679397583, 3.4649999141693115, 3.134999990463257, 0, 50),
(875, 'Test Voltage Vref', 1.842806339263916, 1.8899999856948853, 1.7100000381469727, 1, 50),
(876, 'Test Voltage 3v3_MC', 3.3096189498901367, 3.4649999141693115, 3.134999990463257, 1, 50),
(877, 'Test Voltage IN_P', 0.25193020701408386, 1.8899999856948853, 1.7100000381469727, 0, 50),
(878, 'Test Frequency', 0, 25.5, 24.5, 0, 50),
(879, 'Test Voltage OUT', 1.816733479499817, 1.8899999856948853, 1.7100000381469727, 1, 50),
(880, 'Test Voltage IF_P', 1.6560040712356567, 2.5, 0.5, 1, 50),
(881, 'Test Voltage IF_N', 1.3638861179351807, 2.5, 0.5, 1, 50),
(882, 'Flash firmware BulletSeeker_HighSpeed_v2.0.bin', NULL, NULL, NULL, 1, 51),
(883, 'Bluetooth testMode', NULL, NULL, NULL, 0, 52),
(884, 'Test Voltage CP', 0.17060686647891998, 3.200000047683716, 0.10000000149011612, 1, 52),
(885, 'Test Voltage IN_P', 0.24707013368606567, 3.200000047683716, 0.10000000149011612, 1, 52),
(886, 'Test Voltage 3v3_RF', 0.008115534670650959, 3.4649999141693115, 3.134999990463257, 0, 52),
(887, 'Test Voltage OUT', 1.6999082565307617, 3.200000047683716, 0.10000000149011612, 1, 52),
(888, 'Test Voltage MUXOUT', 0.009736760519444942, 3.4649999141693115, 3.134999990463257, 0, 52),
(889, 'Test Voltage IF_P', 1.3593742847442627, 2.5, 0.5, 1, 52),
(890, 'Test Voltage IF_N', 1.4405790567398071, 2.5, 0.5, 1, 52),
(891, 'Test Voltage VREF', 1.8437776565551758, 1.8899999856948853, 1.7100000381469727, 1, 52),
(892, 'Bluetooth Check Charge In Progress', NULL, NULL, NULL, 0, 53);

-- --------------------------------------------------------

--
-- Структура таблицы `TestGroup`
--

CREATE TABLE `TestGroup` (
  `ID` int(11) NOT NULL,
  `TimeStamp` datetime(6) NOT NULL DEFAULT '0001-01-01 00:00:00.000000',
  `Name` text NOT NULL DEFAULT '',
  `UserID` int(11) NOT NULL,
  `RadarBoardID` int(11) NOT NULL DEFAULT 0,
  `CommentID` int(11) DEFAULT NULL
) ENGINE=InnoDB DEFAULT CHARSET=utf8mb4;

--
-- Дамп данных таблицы `TestGroup`
--

INSERT INTO `TestGroup` (`ID`, `TimeStamp`, `Name`, `UserID`, `RadarBoardID`, `CommentID`) VALUES
(2, '2022-08-10 10:53:21.504285', 'First_Level_Test', 1, 1, NULL),
(3, '2022-08-10 10:56:59.538145', 'First_Level_Test', 1, 1, NULL),
(4, '2022-08-10 10:59:54.762155', 'First_Level_Test', 1, 1, NULL),
(5, '2022-08-10 11:00:13.527340', 'Flash_firmware', 1, 1, NULL),
(6, '2022-08-10 11:01:03.650420', 'Second_Level_Test', 1, 1, NULL),
(7, '2022-08-10 11:01:33.339951', 'Charge_Test', 1, 1, NULL),
(8, '2022-08-10 11:39:20.477667', 'First_Level_Test', 1, 1, NULL),
(9, '2022-08-10 11:40:07.748205', 'Flash_firmware', 1, 1, NULL),
(10, '2022-08-10 11:40:31.853361', 'Second_Level_Test', 1, 1, NULL),
(11, '2022-08-10 11:41:01.415362', 'Charge_Test', 1, 1, NULL),
(12, '2022-08-10 11:46:35.378859', 'First_Level_Test', 1, 1, NULL),
(13, '2022-08-10 11:46:53.778552', 'Flash_firmware', 1, 1, NULL),
(14, '2022-08-10 11:47:25.195552', 'Second_Level_Test', 1, 1, NULL),
(15, '2022-08-10 11:48:33.775557', 'Charge_Test', 1, 1, NULL),
(16, '2022-08-10 11:57:22.103357', 'First_Level_Test', 1, 1, NULL),
(17, '2022-08-10 11:57:40.519711', 'Flash_firmware', 1, 1, NULL),
(18, '2022-08-10 11:58:04.800845', 'Second_Level_Test', 1, 1, NULL),
(19, '2022-08-10 11:58:34.363220', 'Charge_Test', 1, 1, NULL),
(20, '2022-08-10 12:13:36.727881', 'First_Level_Test', 1, 1, NULL),
(21, '2022-08-10 12:14:28.009285', 'First_Level_Test', 1, 1, NULL),
(22, '2022-08-10 12:14:30.689163', 'Flash_firmware', 1, 1, NULL),
(23, '2022-08-10 12:14:32.082253', 'Second_Level_Test', 1, 1, NULL),
(24, '2022-08-10 12:14:33.850547', 'Charge_Test', 1, 1, NULL),
(25, '2022-08-10 12:19:22.998682', 'First_Level_Test', 1, 1, NULL),
(26, '2022-08-10 12:19:41.397840', 'Flash_firmware', 1, 1, NULL),
(27, '2022-08-10 12:20:05.453687', 'Second_Level_Test', 1, 1, NULL),
(28, '2022-08-10 12:20:35.184684', 'Charge_Test', 1, 1, NULL),
(29, '2022-08-10 12:20:52.732531', 'First_Level_Test', 1, 1, NULL),
(30, '2022-08-10 12:21:14.263279', 'Flash_firmware', 1, 1, NULL),
(31, '2022-08-10 12:21:40.142378', 'Second_Level_Test', 1, 1, NULL),
(32, '2022-08-10 12:22:09.859500', 'Charge_Test', 1, 1, NULL),
(33, '2022-08-15 10:26:13.936494', 'First_Level_Test', 1, 1, NULL),
(34, '2022-08-15 10:26:31.596822', 'Flash_firmware', 1, 1, NULL),
(35, '2022-08-15 10:26:55.292372', 'Second_Level_Test', 1, 1, NULL),
(36, '2022-08-15 10:27:24.397480', 'Charge_Test', 1, 1, NULL),
(37, '2022-08-15 11:06:33.409760', 'First_Level_Test', 1, 1, NULL),
(38, '2022-08-15 11:06:51.056246', 'Flash_firmware', 1, 1, NULL),
(39, '2022-08-15 11:07:30.430667', 'Second_Level_Test', 1, 1, NULL),
(40, '2022-08-15 11:07:59.561585', 'Charge_Test', 1, 1, NULL),
(42, '2022-08-15 16:37:26.834501', 'First_Level_Test', 1, 1, NULL),
(43, '2022-08-15 16:38:32.612425', 'First_Level_Test', 1, 1, NULL),
(44, '2022-08-15 16:40:54.803974', 'Flash_firmware', 1, 1, NULL),
(45, '2022-08-15 16:42:23.162609', 'Second_Level_Test', 1, 1, NULL),
(46, '2022-08-15 16:43:45.059374', 'First_Level_Test', 1, 1, NULL),
(47, '2022-08-15 16:45:20.046535', 'Flash_firmware', 1, 1, NULL),
(48, '2022-08-15 16:47:14.171069', 'Second_Level_Test', 1, 1, NULL),
(49, '2022-08-15 16:47:57.186370', 'Charge_Test', 1, 1, NULL),
(50, '2022-08-15 17:09:16.470066', 'First_Level_Test', 1, 1, NULL),
(51, '2022-08-15 17:09:36.037834', 'Flash_firmware', 1, 1, NULL),
(52, '2022-08-15 17:10:21.738068', 'Second_Level_Test', 1, 1, NULL),
(53, '2022-08-15 17:11:00.984826', 'Charge_Test', 1, 1, NULL);

-- --------------------------------------------------------

--
-- Структура таблицы `__EFMigrationsHistory`
--

CREATE TABLE `__EFMigrationsHistory` (
  `MigrationId` varchar(150) NOT NULL,
  `ProductVersion` varchar(32) NOT NULL
) ENGINE=InnoDB DEFAULT CHARSET=utf8mb4;

--
-- Дамп данных таблицы `__EFMigrationsHistory`
--

INSERT INTO `__EFMigrationsHistory` (`MigrationId`, `ProductVersion`) VALUES
('20220803135656_initial', '6.0.7'),
('20220810073415_v1.0', '6.0.7'),
('20220810075243_v1.1', '6.0.7'),
('20220815081258_v1.2', '6.0.7');

--
-- Индексы сохранённых таблиц
--

--
-- Индексы таблицы `Comments`
--
ALTER TABLE `Comments`
  ADD PRIMARY KEY (`ID`),
  ADD KEY `IX_Comments_UserID` (`UserID`);

--
-- Индексы таблицы `MainRadarBoardPairing`
--
ALTER TABLE `MainRadarBoardPairing`
  ADD PRIMARY KEY (`ID`);

--
-- Индексы таблицы `PROG_USER`
--
ALTER TABLE `PROG_USER`
  ADD PRIMARY KEY (`ID`);

--
-- Индексы таблицы `TestAction`
--
ALTER TABLE `TestAction`
  ADD PRIMARY KEY (`ID`),
  ADD KEY `IX_TestAction_TestGroupID` (`TestGroupID`);

--
-- Индексы таблицы `TestGroup`
--
ALTER TABLE `TestGroup`
  ADD PRIMARY KEY (`ID`),
  ADD UNIQUE KEY `IX_TestGroup_TimeStamp` (`TimeStamp`),
  ADD KEY `IX_TestGroup_UserID` (`UserID`),
  ADD KEY `IX_TestGroup_RadarBoardID` (`RadarBoardID`),
  ADD KEY `IX_TestGroup_CommentID` (`CommentID`);

--
-- Индексы таблицы `__EFMigrationsHistory`
--
ALTER TABLE `__EFMigrationsHistory`
  ADD PRIMARY KEY (`MigrationId`);

--
-- AUTO_INCREMENT для сохранённых таблиц
--

--
-- AUTO_INCREMENT для таблицы `Comments`
--
ALTER TABLE `Comments`
  MODIFY `ID` int(11) NOT NULL AUTO_INCREMENT;

--
-- AUTO_INCREMENT для таблицы `MainRadarBoardPairing`
--
ALTER TABLE `MainRadarBoardPairing`
  MODIFY `ID` int(11) NOT NULL AUTO_INCREMENT, AUTO_INCREMENT=2;

--
-- AUTO_INCREMENT для таблицы `PROG_USER`
--
ALTER TABLE `PROG_USER`
  MODIFY `ID` int(11) NOT NULL AUTO_INCREMENT, AUTO_INCREMENT=3;

--
-- AUTO_INCREMENT для таблицы `TestAction`
--
ALTER TABLE `TestAction`
  MODIFY `ID` int(11) NOT NULL AUTO_INCREMENT, AUTO_INCREMENT=893;

--
-- AUTO_INCREMENT для таблицы `TestGroup`
--
ALTER TABLE `TestGroup`
  MODIFY `ID` int(11) NOT NULL AUTO_INCREMENT, AUTO_INCREMENT=55;

--
-- Ограничения внешнего ключа сохраненных таблиц
--

--
-- Ограничения внешнего ключа таблицы `Comments`
--
ALTER TABLE `Comments`
  ADD CONSTRAINT `FK_Comments_PROG_USER_UserID` FOREIGN KEY (`UserID`) REFERENCES `PROG_USER` (`ID`) ON DELETE CASCADE;

--
-- Ограничения внешнего ключа таблицы `TestAction`
--
ALTER TABLE `TestAction`
  ADD CONSTRAINT `FK_TestAction_TestGroup_TestGroupID` FOREIGN KEY (`TestGroupID`) REFERENCES `TestGroup` (`ID`) ON DELETE CASCADE;

--
-- Ограничения внешнего ключа таблицы `TestGroup`
--
ALTER TABLE `TestGroup`
  ADD CONSTRAINT `FK_TestGroup_Comments_CommentID` FOREIGN KEY (`CommentID`) REFERENCES `Comments` (`ID`),
  ADD CONSTRAINT `FK_TestGroup_MainRadarBoardPairing_RadarBoardID` FOREIGN KEY (`RadarBoardID`) REFERENCES `MainRadarBoardPairing` (`ID`) ON DELETE CASCADE,
  ADD CONSTRAINT `FK_TestGroup_PROG_USER_UserID` FOREIGN KEY (`UserID`) REFERENCES `PROG_USER` (`ID`) ON DELETE CASCADE;
COMMIT;

/*!40101 SET CHARACTER_SET_CLIENT=@OLD_CHARACTER_SET_CLIENT */;
/*!40101 SET CHARACTER_SET_RESULTS=@OLD_CHARACTER_SET_RESULTS */;
/*!40101 SET COLLATION_CONNECTION=@OLD_COLLATION_CONNECTION */;
